test_1.png,character22
test_10.png,character14
test_100.png,character23
test_101.png,character33
test_102.png,character35
test_103.png,character34
test_104.png,character23
test_105.png,character12
test_106.png,character19
test_107.png,character24
test_108.png,character31
test_109.png,character20
test_11.png,character20
test_110.png,character22
test_111.png,character06
test_112.png,character37
test_113.png,character19
test_114.png,character22
test_115.png,character31
test_116.png,character19
test_117.png,character24
test_118.png,character14
test_119.png,character02
test_12.png,character24
test_120.png,character25
test_121.png,character24
test_122.png,character09
test_123.png,character08
test_124.png,character02
test_125.png,character17
test_126.png,character08
test_127.png,character04
test_128.png,character29
test_129.png,character17
test_13.png,character25
test_130.png,character34
test_131.png,character34
test_132.png,character21
test_133.png,character40
test_134.png,character06
test_135.png,character20
test_136.png,character21
test_137.png,character01
test_138.png,character01
test_139.png,character21
test_14.png,character40
test_140.png,character19
test_141.png,character29
test_142.png,character25
test_143.png,character05
test_144.png,character29
test_145.png,character06
test_146.png,character12
test_147.png,character19
test_148.png,character21
test_149.png,character06
test_15.png,character31
test_150.png,character34
test_151.png,character05
test_152.png,character08
test_153.png,character14
test_154.png,character25
test_155.png,character29
test_156.png,character12
test_157.png,character12
test_158.png,character04
test_159.png,character24
test_16.png,character19
test_160.png,character24
test_161.png,character04
test_162.png,character24
test_163.png,character26
test_164.png,character09
test_165.png,character19
test_166.png,character07
test_167.png,character19
test_168.png,character28
test_169.png,character01
test_17.png,character18
test_170.png,character05
test_171.png,character24
test_172.png,character14
test_173.png,character16
test_174.png,character29
test_175.png,character20
test_176.png,character14
test_177.png,character18
test_178.png,character32
test_179.png,character36
test_18.png,character25
test_180.png,character29
test_181.png,character21
test_182.png,character08
test_183.png,character13
test_184.png,character11
test_185.png,character36
test_186.png,character31
test_187.png,character05
test_188.png,character07
test_189.png,character24
test_19.png,character01
test_190.png,character23
test_191.png,character18
test_192.png,character28
test_193.png,character19
test_194.png,character28
test_195.png,character14
test_196.png,character18
test_197.png,character21
test_198.png,character34
test_199.png,character19
test_2.png,character29
test_20.png,character26
test_200.png,character21
test_201.png,character03
test_202.png,character19
test_203.png,character05
test_204.png,character39
test_205.png,character14
test_206.png,character13
test_207.png,character19
test_208.png,character13
test_209.png,character18
test_21.png,character34
test_210.png,character24
test_211.png,character01
test_212.png,character16
test_213.png,character13
test_214.png,character24
test_215.png,character22
test_216.png,character18
test_217.png,character13
test_218.png,character07
test_219.png,character24
test_22.png,character23
test_220.png,character29
test_221.png,character36
test_222.png,character09
test_223.png,character25
test_224.png,character03
test_225.png,character07
test_226.png,character19
test_227.png,character19
test_228.png,character22
test_229.png,character20
test_23.png,character19
test_230.png,character34
test_231.png,character33
test_232.png,character18
test_233.png,character07
test_234.png,character19
test_235.png,character37
test_236.png,character10
test_237.png,character31
test_238.png,character40
test_239.png,character18
test_24.png,character22
test_240.png,character19
test_241.png,character13
test_242.png,character21
test_243.png,character06
test_244.png,character08
test_245.png,character06
test_246.png,character18
test_247.png,character19
test_248.png,character29
test_249.png,character36
test_25.png,character14
test_250.png,character05
test_251.png,character24
test_252.png,character22
test_253.png,character25
test_254.png,character01
test_255.png,character01
test_256.png,character15
test_257.png,character19
test_258.png,character01
test_259.png,character21
test_26.png,character19
test_260.png,character35
test_261.png,character35
test_262.png,character23
test_263.png,character19
test_264.png,character07
test_265.png,character06
test_266.png,character19
test_267.png,character22
test_268.png,character06
test_269.png,character19
test_27.png,character10
test_270.png,character29
test_271.png,character24
test_272.png,character22
test_273.png,character20
test_274.png,character22
test_275.png,character12
test_276.png,character19
test_277.png,character40
test_278.png,character36
test_279.png,character20
test_28.png,character19
test_280.png,character13
test_281.png,character29
test_282.png,character36
test_283.png,character28
test_284.png,character19
test_285.png,character38
test_286.png,character13
test_287.png,character15
test_288.png,character24
test_289.png,character03
test_29.png,character21
test_290.png,character17
test_291.png,character15
test_292.png,character22
test_293.png,character14
test_294.png,character20
test_295.png,character06
test_296.png,character08
test_297.png,character09
test_298.png,character24
test_299.png,character05
test_3.png,character34
test_30.png,character18
test_300.png,character25
test_301.png,character24
test_302.png,character29
test_303.png,character31
test_304.png,character31
test_305.png,character21
test_306.png,character19
test_307.png,character29
test_308.png,character18
test_309.png,character11
test_31.png,character06
test_310.png,character15
test_311.png,character05
test_312.png,character14
test_313.png,character14
test_314.png,character24
test_315.png,character06
test_316.png,character16
test_317.png,character19
test_318.png,character01
test_319.png,character07
test_32.png,character25
test_320.png,character22
test_321.png,character09
test_322.png,character22
test_323.png,character19
test_324.png,character09
test_325.png,character32
test_326.png,character39
test_327.png,character12
test_328.png,character21
test_329.png,character16
test_33.png,character14
test_330.png,character24
test_331.png,character14
test_332.png,character36
test_333.png,character19
test_334.png,character25
test_335.png,character19
test_336.png,character38
test_337.png,character07
test_338.png,character06
test_339.png,character36
test_34.png,character19
test_340.png,character24
test_341.png,character26
test_342.png,character19
test_343.png,character01
test_344.png,character33
test_345.png,character25
test_346.png,character31
test_347.png,character30
test_348.png,character31
test_349.png,character22
test_35.png,character36
test_350.png,character24
test_351.png,character21
test_352.png,character19
test_353.png,character19
test_354.png,character26
test_355.png,character22
test_356.png,character25
test_357.png,character19
test_358.png,character06
test_359.png,character15
test_36.png,character22
test_360.png,character12
test_361.png,character18
test_362.png,character09
test_363.png,character25
test_364.png,character24
test_365.png,character37
test_366.png,character28
test_367.png,character19
test_368.png,character11
test_369.png,character14
test_37.png,character14
test_370.png,character01
test_371.png,character40
test_372.png,character06
test_373.png,character24
test_374.png,character19
test_375.png,character14
test_376.png,character19
test_377.png,character24
test_378.png,character05
test_379.png,character22
test_38.png,character21
test_380.png,character06
test_381.png,character25
test_382.png,character21
test_383.png,character19
test_384.png,character22
test_385.png,character24
test_386.png,character24
test_387.png,character05
test_388.png,character27
test_389.png,character16
test_39.png,character36
test_390.png,character20
test_391.png,character11
test_392.png,character16
test_393.png,character25
test_394.png,character22
test_395.png,character11
test_396.png,character19
test_397.png,character11
test_398.png,character40
test_399.png,character21
test_4.png,character06
test_40.png,character40
test_400.png,character23
test_401.png,character31
test_402.png,character40
test_403.png,character33
test_404.png,character01
test_405.png,character21
test_406.png,character33
test_407.png,character07
test_408.png,character02
test_409.png,character23
test_41.png,character18
test_410.png,character22
test_411.png,character19
test_412.png,character25
test_413.png,character32
test_414.png,character19
test_415.png,character19
test_416.png,character06
test_417.png,character12
test_418.png,character21
test_419.png,character36
test_42.png,character06
test_420.png,character13
test_421.png,character21
test_422.png,character29
test_423.png,character24
test_424.png,character27
test_425.png,character22
test_426.png,character13
test_427.png,character39
test_428.png,character40
test_429.png,character18
test_43.png,character19
test_430.png,character24
test_431.png,character14
test_432.png,character05
test_433.png,character19
test_434.png,character09
test_435.png,character24
test_436.png,character04
test_437.png,character25
test_438.png,character39
test_439.png,character20
test_44.png,character06
test_440.png,character28
test_441.png,character19
test_442.png,character21
test_443.png,character21
test_444.png,character08
test_445.png,character01
test_446.png,character38
test_447.png,character19
test_448.png,character24
test_449.png,character13
test_45.png,character01
test_450.png,character04
test_451.png,character10
test_452.png,character24
test_453.png,character05
test_454.png,character36
test_455.png,character19
test_456.png,character21
test_457.png,character02
test_458.png,character06
test_459.png,character01
test_46.png,character15
test_460.png,character16
test_461.png,character24
test_462.png,character36
test_463.png,character28
test_464.png,character06
test_465.png,character21
test_466.png,character06
test_467.png,character19
test_468.png,character20
test_469.png,character21
test_47.png,character19
test_470.png,character01
test_471.png,character19
test_472.png,character40
test_473.png,character11
test_474.png,character23
test_475.png,character07
test_476.png,character25
test_477.png,character40
test_478.png,character22
test_479.png,character04
test_48.png,character22
test_480.png,character38
test_481.png,character29
test_482.png,character05
test_483.png,character20
test_484.png,character21
test_485.png,character01
test_486.png,character36
test_487.png,character01
test_488.png,character29
test_489.png,character06
test_49.png,character01
test_490.png,character23
test_491.png,character14
test_492.png,character08
test_493.png,character31
test_494.png,character29
test_495.png,character24
test_496.png,character22
test_497.png,character40
test_498.png,character12
test_499.png,character21
test_5.png,character19
test_50.png,character21
test_500.png,character31
test_501.png,character20
test_502.png,character31
test_503.png,character05
test_504.png,character26
test_505.png,character26
test_506.png,character31
test_507.png,character10
test_508.png,character25
test_509.png,character09
test_51.png,character21
test_510.png,character36
test_511.png,character12
test_512.png,character23
test_513.png,character25
test_514.png,character23
test_515.png,character09
test_516.png,character24
test_517.png,character21
test_518.png,character33
test_519.png,character15
test_52.png,character22
test_520.png,character25
test_521.png,character40
test_522.png,character19
test_523.png,character21
test_524.png,character09
test_525.png,character21
test_526.png,character31
test_527.png,character18
test_528.png,character25
test_529.png,character29
test_53.png,character18
test_530.png,character15
test_531.png,character05
test_532.png,character19
test_533.png,character29
test_534.png,character24
test_535.png,character24
test_536.png,character33
test_537.png,character22
test_538.png,character24
test_539.png,character29
test_54.png,character18
test_540.png,character25
test_541.png,character19
test_542.png,character35
test_543.png,character25
test_544.png,character26
test_545.png,character25
test_546.png,character21
test_547.png,character19
test_548.png,character24
test_549.png,character06
test_55.png,character06
test_550.png,character29
test_551.png,character15
test_552.png,character15
test_553.png,character25
test_554.png,character24
test_555.png,character29
test_556.png,character15
test_557.png,character25
test_558.png,character07
test_559.png,character07
test_56.png,character24
test_560.png,character25
test_561.png,character17
test_562.png,character28
test_563.png,character22
test_564.png,character06
test_565.png,character19
test_566.png,character09
test_567.png,character01
test_568.png,character22
test_569.png,character06
test_57.png,character24
test_570.png,character19
test_571.png,character20
test_572.png,character11
test_573.png,character05
test_574.png,character09
test_575.png,character28
test_576.png,character33
test_577.png,character25
test_578.png,character33
test_579.png,character19
test_58.png,character21
test_580.png,character25
test_581.png,character01
test_582.png,character33
test_583.png,character05
test_584.png,character39
test_585.png,character12
test_586.png,character22
test_587.png,character09
test_588.png,character18
test_589.png,character19
test_59.png,character14
test_590.png,character24
test_591.png,character24
test_592.png,character24
test_593.png,character29
test_594.png,character15
test_595.png,character14
test_596.png,character21
test_597.png,character18
test_598.png,character15
test_599.png,character25
test_6.png,character01
test_60.png,character09
test_600.png,character22
test_601.png,character39
test_602.png,character01
test_603.png,character25
test_604.png,character21
test_605.png,character25
test_606.png,character25
test_607.png,character28
test_608.png,character21
test_609.png,character31
test_61.png,character36
test_610.png,character34
test_611.png,character16
test_612.png,character34
test_613.png,character40
test_614.png,character33
test_615.png,character19
test_616.png,character16
test_617.png,character25
test_618.png,character26
test_619.png,character40
test_62.png,character21
test_620.png,character26
test_621.png,character25
test_622.png,character17
test_623.png,character06
test_624.png,character26
test_625.png,character05
test_626.png,character22
test_627.png,character29
test_628.png,character34
test_629.png,character19
test_63.png,character24
test_630.png,character19
test_631.png,character21
test_632.png,character16
test_633.png,character19
test_634.png,character19
test_635.png,character24
test_636.png,character22
test_637.png,character18
test_638.png,character28
test_639.png,character35
test_64.png,character08
test_640.png,character18
test_641.png,character36
test_642.png,character19
test_643.png,character01
test_644.png,character13
test_645.png,character24
test_646.png,character02
test_647.png,character38
test_648.png,character18
test_649.png,character34
test_65.png,character19
test_650.png,character01
test_651.png,character06
test_652.png,character07
test_653.png,character05
test_654.png,character24
test_655.png,character19
test_656.png,character06
test_657.png,character06
test_658.png,character31
test_659.png,character22
test_66.png,character21
test_660.png,character13
test_661.png,character07
test_662.png,character03
test_663.png,character22
test_664.png,character19
test_665.png,character21
test_666.png,character24
test_667.png,character29
test_668.png,character19
test_669.png,character05
test_67.png,character14
test_670.png,character14
test_671.png,character29
test_672.png,character25
test_673.png,character06
test_674.png,character15
test_675.png,character09
test_676.png,character03
test_677.png,character13
test_678.png,character18
test_679.png,character34
test_68.png,character21
test_680.png,character15
test_681.png,character16
test_682.png,character06
test_683.png,character40
test_684.png,character06
test_685.png,character01
test_686.png,character22
test_687.png,character06
test_688.png,character21
test_689.png,character25
test_69.png,character37
test_690.png,character34
test_691.png,character19
test_692.png,character20
test_693.png,character12
test_694.png,character06
test_695.png,character24
test_696.png,character01
test_697.png,character19
test_698.png,character10
test_699.png,character05
test_7.png,character25
test_70.png,character12
test_700.png,character25
test_701.png,character37
test_702.png,character22
test_703.png,character09
test_704.png,character07
test_705.png,character23
test_706.png,character15
test_707.png,character09
test_708.png,character20
test_709.png,character25
test_71.png,character19
test_710.png,character10
test_711.png,character06
test_712.png,character04
test_713.png,character22
test_714.png,character33
test_715.png,character01
test_716.png,character34
test_717.png,character28
test_718.png,character07
test_719.png,character39
test_72.png,character19
test_720.png,character21
test_721.png,character24
test_722.png,character29
test_723.png,character20
test_724.png,character18
test_725.png,character29
test_726.png,character40
test_727.png,character06
test_728.png,character20
test_729.png,character24
test_73.png,character12
test_730.png,character16
test_731.png,character05
test_732.png,character24
test_733.png,character36
test_734.png,character16
test_735.png,character18
test_736.png,character24
test_737.png,character01
test_738.png,character25
test_739.png,character13
test_74.png,character23
test_740.png,character21
test_741.png,character22
test_742.png,character01
test_743.png,character24
test_744.png,character22
test_745.png,character39
test_746.png,character24
test_747.png,character16
test_748.png,character29
test_749.png,character09
test_75.png,character13
test_750.png,character21
test_751.png,character22
test_752.png,character06
test_753.png,character36
test_754.png,character25
test_755.png,character13
test_756.png,character38
test_757.png,character19
test_758.png,character34
test_759.png,character08
test_76.png,character05
test_760.png,character24
test_77.png,character12
test_78.png,character33
test_79.png,character16
test_8.png,character20
test_80.png,character16
test_81.png,character08
test_82.png,character26
test_83.png,character25
test_84.png,character20
test_85.png,character25
test_86.png,character19
test_87.png,character06
test_88.png,character27
test_89.png,character01
test_9.png,character07
test_90.png,character20
test_91.png,character22
test_92.png,character20
test_93.png,character20
test_94.png,character05
test_95.png,character04
test_96.png,character22
test_97.png,character19
test_98.png,character20
test_99.png,character06
